visit,sensor,peak_frequency_hz
visit1,LF,0.8327550312283137
visit1,RF,0.8327550312283137
visit1,LW,0.8327550312283137
visit1,RW,0.8327550312283137
visit1,SA,0.4996530187369882
visit2,LF,0.8327550312283137
visit2,RF,0.8327550312283137
visit2,LW,0.5829285218598196
visit2,RW,0.8327550312283137
visit2,SA,0.8327550312283137
