visit,sensor,duration_s,peak_frequency_hz
visit1,LF,71.0,0.8327550312283137
visit1,RF,71.0,0.8327550312283137
visit1,LW,71.0,0.8327550312283137
visit1,RW,71.0,0.8327550312283137
visit1,SA,71.0,0.8327550312283137
visit2,LF,120.0,0.8327550312283137
visit2,RF,120.00833333333334,0.8327550312283137
visit2,LW,119.98333333333333,0.8327550312283137
visit2,RW,120.00833333333334,0.8327550312283137
visit2,SA,120.00833333333334,0.7494795281054824
